package_id,path
3,org.sw.demo.madler.zlib
4,org.sw.demo.bzip2
5,org.sw.demo.sqlite3
512,org.sw.demo.boost.asio
514,org.sw.demo.boost.log
515,org.sw.demo.boost.algorithm
528,org.sw.demo.boost.iterator
541,org.sw.demo.boost.dll
568,org.sw.demo.boost.interprocess
589,org.sw.demo.boost.process
600,org.sw.demo.boost.smart_ptr
621,org.sw.demo.boost.date_time
622,org.sw.demo.boost.filesystem
631,org.sw.demo.boost.system
632,org.sw.demo.boost.thread
636,org.sw.demo.jbeder.yaml_cpp
637,org.sw.demo.lz4
638,org.sw.demo.oberhumer.lzo.lzo
639,org.sw.demo.gnu.iconv.libcharset
640,org.sw.demo.gnu.iconv.libiconv
641,org.sw.demo.gnu.gettext.intl
642,org.sw.demo.gnu.gss
644,org.sw.demo.xz_utils.lzma
646,org.sw.demo.gnu.nettle.nettle
650,org.sw.demo.libarchive.libarchive
653,org.sw.demo.nghttp2
655,org.sw.demo.openssl.ssl
658,org.sw.demo.openssl.crypto
659,org.sw.demo.libssh2
661,org.sw.demo.c_ares
662,org.sw.demo.badger.curl.libcurl
663,org.sw.demo.aleksey14.rhash
665,org.sw.demo.HowardHinnant.date.date
666,org.sw.demo.rbock.sqlpp11
669,org.sw.demo.preshing.turf
670,org.sw.demo.preshing.junction
671,org.sw.demo.fmt
672,org.sw.demo.grisumbras.enum_flags
673,org.sw.demo.nlohmann.json
676,org.sw.demo.rbock.sqlpp11_connector_sqlite3
678,org.sw.demo.imageworks.pystring
725,pub.egorpugin.llvm_project.llvm.support_lite
732,org.sw.demo.google.protobuf.protoc_lib
734,org.sw.demo.nanopb
849,org.sw.demo.giovannidicanio.winreg
856,org.sw.demo.ragel
857,org.sw.demo.libuv
1056,org.sw.demo.google.protobuf.protobuf
1057,org.sw.demo.google.protobuf.protoc
1061,org.sw.demo.google.grpc.grpc_cpp_plugin
1113,org.sw.demo.google.grpc.grpcpp
1115,pub.egorpugin.primitives.context
1123,pub.egorpugin.primitives.filesystem
1125,pub.egorpugin.primitives.sw.settings
1128,pub.egorpugin.primitives.hash
1131,pub.egorpugin.primitives.yaml
1137,pub.egorpugin.primitives.sw.main
1144,org.sw.demo.boost.serialization
1146,org.sw.demo.boost.align
1147,org.sw.demo.boost.config
1148,org.sw.demo.boost.any
1150,org.sw.demo.boost.assign
1151,org.sw.demo.boost.assert
1152,org.sw.demo.boost.circular_buffer
1153,org.sw.demo.boost.array
1154,org.sw.demo.boost.numeric
1155,org.sw.demo.boost.bimap
1157,org.sw.demo.boost.multiprecision
1158,org.sw.demo.boost.bind
1161,org.sw.demo.boost.lambda
1163,org.sw.demo.boost.concept_check
1164,org.sw.demo.boost.container_hash
1166,org.sw.demo.boost.conversion
1167,org.sw.demo.boost.core
1168,org.sw.demo.boost.endian
1170,org.sw.demo.boost.detail
1171,org.sw.demo.boost.disjoint_sets
1172,org.sw.demo.boost.dynamic_bitset
1173,org.sw.demo.boost.fusion
1174,org.sw.demo.boost.foreach
1175,org.sw.demo.boost.chrono
1176,org.sw.demo.boost.format
1177,org.sw.demo.boost.intrusive
1178,org.sw.demo.boost.winapi
1179,org.sw.demo.boost.function
1180,org.sw.demo.boost.interval
1181,org.sw.demo.boost.math
1182,org.sw.demo.boost.function_types
1185,org.sw.demo.boost.mpl
1187,org.sw.demo.boost.integer
1188,org.sw.demo.boost.move
1190,org.sw.demo.boost.ublas
1192,org.sw.demo.boost.lexical_cast
1193,org.sw.demo.boost.io
1195,org.sw.demo.boost.logic
1196,org.sw.demo.boost.rational
1200,org.sw.demo.boost.multi_index
1202,org.sw.demo.boost.optional
1203,org.sw.demo.boost.parameter
1204,org.sw.demo.boost.phoenix
1206,org.sw.demo.boost.proto
1208,org.sw.demo.boost.pool
1209,org.sw.demo.boost.timer
1210,org.sw.demo.boost.predef
1211,org.sw.demo.boost.preprocessor
1212,org.sw.demo.boost.property_map
1213,org.sw.demo.boost.property_tree
1214,org.sw.demo.boost.static_assert
1217,org.sw.demo.boost.variant
1218,org.sw.demo.boost.range
1219,org.sw.demo.boost.ratio
1223,org.sw.demo.boost.spirit
1225,org.sw.demo.boost.throw_exception
1226,org.sw.demo.boost.tokenizer
1227,org.sw.demo.boost.tti
1228,org.sw.demo.boost.tuple
1229,org.sw.demo.boost.type_index
1230,org.sw.demo.boost.type_traits
1231,org.sw.demo.boost.typeof
1233,org.sw.demo.boost.unordered
1234,org.sw.demo.boost.utility
1235,org.sw.demo.boost.uuid
1237,org.sw.demo.boost.xpressive
1239,org.sw.demo.boost.atomic
1240,org.sw.demo.boost.container
1243,org.sw.demo.boost.iostreams
1244,org.sw.demo.boost.locale
1245,org.sw.demo.boost.program_options
1246,org.sw.demo.boost.random
1247,org.sw.demo.boost.regex
1249,org.sw.demo.boost.stacktrace
1252,org.sw.demo.boost.exception
1254,org.sw.demo.find.libpq
1255,org.sw.demo.jtv.pqxx
1258,pub.egorpugin.primitives.executor
1259,pub.egorpugin.primitives.date_time
1260,pub.egorpugin.primitives.http
1261,pub.egorpugin.primitives.tools.embedder
1263,pub.egorpugin.primitives.command
1264,pub.egorpugin.primitives.lock
1265,pub.egorpugin.primitives.log
1267,pub.egorpugin.primitives.pack
1268,pub.egorpugin.primitives.win32helpers
1269,pub.egorpugin.primitives.db.sqlite3
1270,pub.egorpugin.primitives.version
1274,org.sw.demo.glew
1275,org.sw.demo.find.opengl
1276,org.sw.demo.glennrp.png
1277,org.sw.demo.libharu
1278,org.sw.demo.webmproject.webp
1279,org.sw.demo.graphicsmagick.magick
1281,org.sw.demo.unicode.icu.stub.common
1287,org.sw.demo.unicode.icu.i18n
1290,org.sw.demo.freetype
1291,org.sw.demo.freedesktop.pixman
1293,org.sw.demo.tronkko.dirent
1294,org.sw.demo.expat
1295,org.sw.demo.freedesktop.fontconfig.fontconfig
1301,org.sw.demo.pcre.pcre8
1304,org.sw.demo.pcre.pcreposix
1306,org.sw.demo.weltling.winlibs.libffi
1308,org.sw.demo.grigorig.ucdn
1309,org.sw.demo.cairographics.cairo
1310,org.sw.demo.gnome.glib.glib
1311,org.sw.demo.behdad.harfbuzz
1320,org.sw.demo.gnu.fribidi.fribidi
1321,org.sw.demo.gnome.glib.gobject
1328,org.sw.demo.gnome.pango.pango
1329,org.sw.demo.gnome.pango.pangoft2
1331,org.sw.demo.howardhinnant.date.date_full
1442,org.sw.demo.google.grpc.grpcpp_config_proto
1443,org.sw.demo.google.grpc.grpcpp_codegen_proto
1444,org.sw.demo.google.grpc.alts_util
1446,org.sw.demo.google.grpc.gpr_codegen
1447,org.sw.demo.google.grpc.third_party.nanopb
1449,org.sw.demo.google.grpc.grpc_http_filters
1450,org.sw.demo.google.grpc.grpc_codegen
1451,org.sw.demo.google.grpc.gpr_base
1452,org.sw.demo.google.grpc.grpc_transport_chttp2_client_insecure
1453,org.sw.demo.google.grpc.alts_frame_protector
1454,org.sw.demo.google.grpc.gpr
1455,org.sw.demo.google.grpc.grpc_transport_chttp2_server
1456,org.sw.demo.google.grpc.atomic
1457,org.sw.demo.google.grpc.grpc_trace
1458,org.sw.demo.google.grpc.inlined_vector
1459,org.sw.demo.google.grpc.grpc_server_backward_compatibility
1460,org.sw.demo.google.grpc.grpc_workaround_cronet_compression_filter
1461,org.sw.demo.google.grpc.debug_location
1462,org.sw.demo.google.grpc.ref_counted_ptr
1463,org.sw.demo.google.grpc.census
1464,org.sw.demo.google.grpc.grpc_message_size_filter
1465,org.sw.demo.google.grpc.ref_counted
1466,org.sw.demo.google.grpc.grpc_transport_inproc
1467,org.sw.demo.google.grpc.orphanable
1468,org.sw.demo.google.grpc.grpc_base_c
1469,org.sw.demo.google.grpc.grpc_base
1470,org.sw.demo.google.grpc.grpc_resolver_fake
1471,org.sw.demo.google.grpc.grpc_client_authority_filter
1472,org.sw.demo.google.grpc.tsi
1473,org.sw.demo.google.grpc.grpc_deadline_filter
1474,org.sw.demo.google.grpc.grpc_client_channel
1475,org.sw.demo.google.grpc.grpc_lb_subchannel_list
1476,org.sw.demo.google.grpc.grpc_max_age_filter
1477,org.sw.demo.google.grpc.grpc_lb_policy_pick_first
1478,org.sw.demo.google.grpc.grpc_lb_policy_round_robin
1479,org.sw.demo.google.grpc.grpc_resolver_dns_ares
1480,org.sw.demo.google.grpc.grpc_transport_chttp2
1481,org.sw.demo.google.grpc.grpc_resolver_dns_native
1483,org.sw.demo.google.grpc.grpc_resolver_sockaddr
1484,org.sw.demo.google.grpc.grpc_transport_chttp2_alpn
1485,org.sw.demo.google.grpc.grpc_transport_chttp2_server_insecure
1486,org.sw.demo.google.grpc.grpc_transport_chttp2_client_connector
1487,org.sw.demo.google.grpc.grpc_common
1488,org.sw.demo.google.grpc.grpc_transport_chttp2_server_secure
1489,org.sw.demo.google.grpc.grpcpp_codegen_base_src
1490,org.sw.demo.google.grpc.grpc_secure
1491,org.sw.demo.google.grpc.grpc_lb_policy_grpclb_secure
1492,org.sw.demo.google.grpc.grpc_transport_chttp2_client_secure
1493,org.sw.demo.google.grpc.grpc
1494,org.sw.demo.google.grpc.grpcpp_base
1531,org.sw.demo.emweb.wt.wt
1536,org.sw.demo.google.breakpad.client.windows.crash_generation.client
1537,org.sw.demo.google.breakpad.client.windows.crash_generation.server
1538,org.sw.demo.google.breakpad.client.windows.handler
1549,pub.egorpugin.primitives.tools.sqlpp11.sqlite2cpp
1572,org.sw.demo.gif
1635,org.sw.demo.gnome.pango.pangocairo
1638,org.sw.demo.google.grpc.grpc_plugin_support
1640,org.sw.demo.google.grpc.tsi_interface
1641,org.sw.demo.google.grpc.grpcpp_codegen_base
1642,org.sw.demo.pcre.pcre16
1643,org.sw.demo.pcre.pcre32
1644,org.sw.demo.taywee.args
1730,org.sw.demo.gnu.nettle.eccdata
1733,org.sw.demo.google.grpc.alts_proto
1740,org.sw.sw.client.support
1750,org.sw.demo.tcl.lib
1751,org.sw.demo.tcl.sh
1754,org.sw.demo.google.grpc.third_party.address_sorting
1760,org.sw.demo.gnu.gperf
1763,org.sw.demo.sqlcipher.sqlcipher
1765,org.sw.demo.telegram.td.generate_mime_types_gperf
1771,org.sw.demo.telegram.td.tl
1775,org.sw.demo.telegram.td.actor
1778,org.sw.demo.telegram.td.utils
1782,org.sw.demo.telegram.td.generate.clib
1798,org.sw.demo.jpeg
1800,org.sw.demo.tiff
1801,org.sw.demo.uclouvain.openjpeg.openjp2
1802,org.sw.demo.mgk25.jbig.ar
1803,org.sw.demo.mgk25.jbig.jbig85
1804,org.sw.demo.mgk25.jbig.jbig
1805,org.sw.demo.danbloomberg.leptonica
1807,org.sw.demo.unicode.icu.data
1815,org.sw.demo.unicode.icu.stub.i18n
1820,org.sw.demo.unicode.icu.stub.genccode
1821,org.sw.demo.google.tesseract.libtesseract
1840,pub.egorpugin.primitives.tools.syncqt
1844,org.sw.demo.google.double_conversion
1855,org.sw.demo.google.angle.angle
1906,org.sw.demo.google.angle.egl
1907,org.sw.demo.python.lib
1909,org.sw.demo.python.exe
1911,org.sw.demo.tcl.stub
1915,org.sw.demo.mdadams.jasper
1916,org.sw.demo.mng
2186,org.sw.demo.google.snappy
2190,org.sw.demo.sqlcipher.lemon
2191,org.sw.demo.telegram.td.db
2193,org.sw.demo.telegram.td.generate.json
2196,org.sw.demo.telegram.td.memprof
2197,org.sw.demo.telegram.td.core
2198,org.sw.demo.telegram.td.client
2199,org.sw.demo.telegram.td.net
2200,org.sw.demo.telegram.td.generate.common
2224,org.sw.demo.boost.ptr_container
2233,org.sw.demo.boost.graph
2244,org.sw.demo.microsoft.gsl
2267,org.sw.demo.eigen
2308,org.sw.demo.google.abseil
2310,org.sw.demo.google.grpc.grpc_shadow_boringssl
2313,org.sw.demo.google.nsync
2315,pub.egorpugin.llvm_project.llvm.demangle
2323,org.sw.demo.unicode.icu.stub.data
2324,org.sw.demo.unicode.icu.stub.toolutil
2325,org.sw.demo.unicode.icu.io
2326,org.sw.demo.unicode.icu.common
2337,org.sw.demo.gnu.gawk.getopt
2344,org.sw.demo.gnu.grep.gnulib
2345,org.sw.demo.gnu.grep.grep
2346,org.sw.demo.kimgr.getopt_port
2347,org.sw.demo.gnu.sed.gnulib
2348,org.sw.demo.gnu.sed.sed
2356,org.sw.demo.gnu.gawk.gawk
2357,org.sw.demo.amazon.aws.sdk.core
2358,org.sw.demo.amazon.aws.sdk.s3
2367,org.sw.demo.facebook.zstd.zstd
2445,org.sw.demo.boost.compute
2448,org.sw.demo.boost.functional
2450,org.sw.demo.boost.hana
2455,org.sw.demo.boost.mp11
2456,org.sw.demo.boost.multi_array
2466,org.sw.demo.boost.vmd
2472,org.sw.demo.boost.accumulators
2473,org.sw.demo.boost.hof
2474,org.sw.demo.boost.beast
2475,org.sw.demo.boost.msm
2476,org.sw.demo.boost.flyweight
2477,org.sw.demo.boost.coroutine2
2478,org.sw.demo.boost.callable_traits
2479,org.sw.demo.boost.lockfree
2480,org.sw.demo.boost.geometry
2481,org.sw.demo.boost.compatibility
2482,org.sw.demo.boost.convert
2483,org.sw.demo.boost.crc
2484,org.sw.demo.boost.gil
2485,org.sw.demo.boost.heap
2486,org.sw.demo.boost.icl
2487,org.sw.demo.boost.local_function
2488,org.sw.demo.boost.metaparse
2489,org.sw.demo.boost.odeint
2490,org.sw.demo.boost.poly_collection
2491,org.sw.demo.boost.polygon
2492,org.sw.demo.boost.qvm
2493,org.sw.demo.boost.scope_exit
2494,org.sw.demo.boost.signals2
2495,org.sw.demo.boost.sort
2496,org.sw.demo.boost.statechart
2497,org.sw.demo.boost.units
2498,org.sw.demo.boost.yap
2499,org.sw.demo.boost.contract
2500,org.sw.demo.boost.signals
2501,org.sw.demo.boost.type_erasure
2502,org.sw.demo.boost.wave
2521,org.sw.demo.qtproject.qt.base.tools.moc
2522,org.sw.demo.qtproject.qt.base.tools.rcc
2527,org.sw.demo.qtproject.qt.base.gui
2530,org.sw.demo.qtproject.qt.base.core
2551,org.sw.demo.qtproject.qt.base.third_party.wintab
2554,org.sw.demo.qtproject.qt.base.xml
2555,org.sw.demo.qtproject.qt.base.widgets
2556,org.sw.demo.qtproject.qt.base.network
2566,org.sw.demo.qtproject.qt.svg
2567,org.sw.demo.qtproject.qt.winextras
2568,org.sw.demo.qtproject.qt.tools.linguist.formats
2569,org.sw.demo.qtproject.qt.tools.linguist.convert
2570,org.sw.demo.qtproject.qt.tools.linguist.proparser
2571,org.sw.demo.qtproject.qt.tools.linguist.update
2572,org.sw.demo.qtproject.qt.tools.linguist.release
2584,org.sw.demo.qtproject.qt.declarative.qml
2585,org.sw.demo.qtproject.qt.declarative.third_party.masm
2586,org.sw.demo.qtproject.qt.declarative.quick
2587,org.sw.demo.xiph.opus
2591,org.sw.demo.xiph.libogg
2592,org.sw.demo.xiph.vorbis.libvorbis
2593,org.sw.demo.valve.sdl.sdl
2594,org.sw.demo.valve.sdl.main
2600,org.sw.demo.kcat.openal
2609,org.sw.demo.ffmpeg.avcodec
2615,org.sw.demo.qtproject.qt.base.tools.uic
2617,org.sw.demo.qtproject.qt.base.platformsupport.fontdatabases.freetype
2622,org.sw.demo.qtproject.qt.base.third_party.iaccessible2
2624,org.sw.demo.qtproject.qt.base.tools.bootstrap
2625,org.sw.demo.qtproject.qt.base.platformsupport.accessibility
2626,org.sw.demo.qtproject.qt.base.platformsupport.eventdispatchers
2627,org.sw.demo.qtproject.qt.base.platformsupport.themes
2628,org.sw.demo.qtproject.qt.base.platformsupport.windowsuiautomation
2629,org.sw.demo.qtproject.qt.base.platformsupport.fontdatabases.windows
2634,org.sw.demo.qtproject.qt.base.third_party.harfbuzz
2635,org.sw.demo.qtproject.qt.base.plugins.platforms.windows
2636,org.sw.demo.qtproject.qt.base.printsupport
2637,org.sw.demo.qtproject.qt.base.plugins.styles.windowsvista
2638,org.sw.demo.qtproject.qt.base.winmain
2639,org.sw.demo.mapbox.variant
2640,org.sw.demo.madler.minizip
2674,org.sw.demo.qtproject.qt.plugins.imageformats.qgif
2675,org.sw.demo.qtproject.qt.plugins.imageformats.qico
2676,org.sw.demo.qtproject.qt.plugins.imageformats.qwebp
2677,org.sw.demo.qtproject.qt.plugins.imageformats.qjpeg
2678,org.sw.demo.qtproject.qt.plugins.imageformats.qdds
2679,org.sw.demo.qtproject.qt.plugins.imageformats.qicns
2680,org.sw.demo.qtproject.qt.plugins.imageformats.qtiff
2681,org.sw.demo.qtproject.qt.plugins.imageformats.qtga
2682,org.sw.demo.qtproject.qt.plugins.imageformats.qwbmp
2683,org.sw.demo.qtproject.qt.plugins.imageformats.qmng
2684,org.sw.demo.qtproject.qt.plugins.imageformats.qjp2
2685,org.sw.demo.nasm
2687,org.sw.demo.re2c.re2c
2767,org.sw.demo.yasm
2777,org.sw.demo.freedesktop.dbus
2790,org.sw.sw.client.manager
2792,org.sw.sw.client.builder
2798,pub.egorpugin.primitives.templates
2803,pub.egorpugin.primitives.db.common
2807,pub.egorpugin.primitives.main
2808,pub.egorpugin.primitives.error_handling
2809,pub.egorpugin.primitives.string
2810,pub.egorpugin.primitives.file_monitor
2811,pub.egorpugin.primitives.settings
2812,pub.egorpugin.primitives.cron
2813,pub.egorpugin.primitives.db.postgresql
2814,pub.egorpugin.primitives.symbol
2815,org.sw.sw.client.protos
2817,org.sw.sw.client.driver.cpp
2818,org.sw.sw.client.tools.self_builder
2823,org.sw.demo.catchorg.catch2
2854,org.sw.demo.amazon.awslabs.c_common
2855,org.sw.demo.amazon.awslabs.checksums
2856,org.sw.demo.amazon.awslabs.c_event_stream
2858,org.sw.demo.amazon.aws.sdk.ec2
2859,org.sw.demo.lexxmark.winflexbison.bison
2861,org.sw.demo.lexxmark.winflexbison.flex
2862,org.sw.demo.openexr.IlmImf
2874,org.sw.demo.vbaderks.charls
2875,org.sw.demo.json_c
2876,org.sw.demo.malaterre.GDCM.gdcm
2899,org.sw.demo.hdfgroup.hdf5.hdf5
2900,org.sw.demo.hdfgroup.hdf5.hdf5cpp
2901,org.sw.demo.hdfgroup.hdf5.hdf5hl
2905,org.sw.demo.hdfgroup.hdf5.hdf5hlcpp
2906,org.sw.demo.hdfgroup.hdf5.tools.H5detect
2907,org.sw.demo.hdfgroup.hdf5.tools.H5make_libsettings
2916,org.sw.demo.intel.opencv.calib3d
2941,org.sw.demo.intel.opencv.contrib.xfeatures2d
2945,org.sw.demo.intel.opencv.core
2947,org.sw.demo.intel.opencv.features2d
2953,org.sw.demo.intel.opencv.objdetect
2968,org.sw.demo.intel.opencv.contrib.optflow
2986,org.sw.demo.intel.opencv.imgproc
2995,org.sw.demo.intel.opencv.contrib.datasets
3002,org.sw.demo.intel.opencv.contrib.phase_unwrapping
3054,org.sw.demo.intel.opencv.contrib.aruco
3055,org.sw.demo.intel.opencv.contrib.bgsegm
3056,org.sw.demo.intel.opencv.contrib.bioinspired
3057,org.sw.demo.intel.opencv.contrib.ccalib
3058,org.sw.demo.intel.opencv.contrib.dpm
3059,org.sw.demo.intel.opencv.contrib.face
3060,org.sw.demo.intel.opencv.contrib.freetype
3061,org.sw.demo.intel.opencv.contrib.fuzzy
3062,org.sw.demo.intel.opencv.contrib.hdf
3063,org.sw.demo.intel.opencv.contrib.line_descriptor
3064,org.sw.demo.intel.opencv.contrib.plot
3065,org.sw.demo.intel.opencv.contrib.reg
3066,org.sw.demo.intel.opencv.contrib.rgbd
3067,org.sw.demo.intel.opencv.contrib.saliency
3068,org.sw.demo.intel.opencv.contrib.shape
3069,org.sw.demo.intel.opencv.contrib.stereo
3070,org.sw.demo.intel.opencv.contrib.structured_light
3071,org.sw.demo.intel.opencv.contrib.superres
3072,org.sw.demo.intel.opencv.contrib.surface_matching
3073,org.sw.demo.intel.opencv.contrib.text
3074,org.sw.demo.intel.opencv.contrib.tracking
3075,org.sw.demo.intel.opencv.contrib.ximgproc
3076,org.sw.demo.intel.opencv.contrib.xobjdetect
3077,org.sw.demo.intel.opencv.contrib.xphoto
3078,org.sw.demo.intel.opencv.dnn
3079,org.sw.demo.intel.opencv.flann
3080,org.sw.demo.intel.opencv.highgui
3081,org.sw.demo.intel.opencv.imgcodecs
3082,org.sw.demo.intel.opencv.ml
3083,org.sw.demo.intel.opencv.photo
3084,org.sw.demo.intel.opencv.stitching
3085,org.sw.demo.intel.opencv.video
3086,org.sw.demo.intel.opencv.videoio
3088,org.sw.demo.microsoft.range_v3_vs2015
3089,org.sw.demo.lua
3091,pub.egorpugin.primitives.tools.stamp_gen
3092,org.sw.demo.emweb.wt.dbo
3093,org.sw.demo.emweb.wt.dbo.backend.sqlite3
3094,org.sw.demo.emweb.wt.http
3101,org.sw.demo.stachenov.quazip
3106,org.sw.demo.qtproject.qt.base.tools.qlalr
3134,org.sw.demo.yhirose.cpp_linenoise
3135,org.sw.demo.chromium.libyuv
3263,org.sw.demo.google.grpc.grpc_lb_policy_xds_secure
3264,org.sw.demo.google.grpc.grpclb_proto
3265,org.sw.demo.google.grpc.health_proto
3275,org.sw.demo.spadix.zbar
3277,org.sw.demo.qtproject.qt.declarative.qml.imports.layouts
3280,org.sw.demo.qtproject.qt.declarative.qml.imports.window
3281,org.sw.demo.qtproject.qt.quickcontrols.controls
3282,org.sw.demo.qtproject.qt.quickcontrols.dialogs
3283,org.sw.demo.qtproject.qt.quickcontrols.dialogs.Private
3284,org.sw.demo.qtproject.qt.quickcontrols.widgets
3314,org.sw.demo.webmproject.vpx
3315,org.sw.demo.aappleby.smhasher.murmurhash3
3316,org.sw.demo.gnu.m4.gnulib
3317,org.sw.demo.gnu.m4.m4
3320,org.sw.demo.gnu.bison.bison
3321,org.sw.demo.gnu.bison.gnulib
3322,org.sw.demo.malaterre.GDCM.jpeg12
3323,org.sw.demo.malaterre.GDCM.jpeg16
3324,org.sw.demo.malaterre.GDCM.jpeg8
3325,org.sw.demo.malaterre.GDCM.rle
3326,org.sw.demo.malaterre.GDCM.socketxx
3400,org.sw.demo.jedisct1.libsodium
3475,org.sw.demo.cubicdaiya.dtl
3509,pub.egorpugin.primitives.patch
3514,org.sw.demo.gabime.spdlog
3517,org.sw.demo.qtproject.qt.declarative.qml.imports.folderlistmodel
3518,org.sw.demo.qtproject.qt.declarative.qml.imports.qtquick2
3519,org.sw.demo.qtproject.qt.declarative.qml.imports.settings
3522,org.sw.demo.aspia.base
3570,org.sw.demo.qtproject.qt.translations
3724,org.sw.demo.aspia.client
3725,org.sw.demo.aspia.codec
3726,org.sw.demo.aspia.common
3727,org.sw.demo.aspia.console
3728,org.sw.demo.aspia.crypto
3729,org.sw.demo.aspia.desktop
3730,org.sw.demo.aspia.host
3731,org.sw.demo.aspia.host.config
3732,org.sw.demo.aspia.host.service
3733,org.sw.demo.aspia.host.session
3734,org.sw.demo.aspia.ipc
3735,org.sw.demo.aspia.net
3736,org.sw.demo.aspia.proto
3737,org.sw.demo.aspia.qt_translations
3738,org.sw.demo.aspia.updater
3779,org.sw.demo.zeux.pugixml
3856,org.sw.demo.qtproject.qt.base.plugins.printsupport.windows
3857,org.sw.demo.qtproject.qt.base.third_party.tinycbor
3858,org.sw.demo.qtproject.qt.base.tools.qfloat16_tables
3867,pub.egorpugin.test.main.fortran
3998,org.sw.demo.xiph.flac.libflac
3999,org.sw.demo.xiph.flac.libflacpp
4000,org.sw.demo.xiph.vorbis.vorbisfile
4004,org.sw.demo.stb.all
4005,org.sw.demo.stb.image
4006,org.sw.demo.stb.image_write
4012,org.sw.demo.poco.CppParser
4037,org.sw.demo.perl.lib
4048,org.sw.demo.perl.miniperl
4049,org.sw.demo.perl.perl
4054,org.sw.demo.google.protobuf.protobuf_lite
4058,org.sw.demo.Erroneous1.sqlpp11_connector_odbc
4083,org.sw.demo.reo7sp.tgbot
4084,org.sw.demo.poco.CppUnit
4085,org.sw.demo.poco.Crypto
4086,org.sw.demo.poco.Data
4087,org.sw.demo.poco.Encodings
4088,org.sw.demo.poco.Foundation
4089,org.sw.demo.poco.JSON
4090,org.sw.demo.poco.Net
4091,org.sw.demo.poco.NetSSL
4092,org.sw.demo.poco.NetSSL_Win
4093,org.sw.demo.poco.ODBC
4094,org.sw.demo.poco.PageCompiler
4095,org.sw.demo.poco.PocoDoc
4096,org.sw.demo.poco.SQLite
4097,org.sw.demo.poco.SevenZip
4098,org.sw.demo.poco.Util
4099,org.sw.demo.poco.XML
4100,org.sw.demo.poco.Zip
4101,org.sw.demo.gnu.gmp.cxx
4102,org.sw.demo.gnu.gmp.lib
4103,org.sw.demo.gnu.gmp.mini
4104,org.sw.demo.gnu.gmp.tools.gen_bases
4105,org.sw.demo.gnu.gmp.tools.gen_fac
4106,org.sw.demo.gnu.gmp.tools.gen_fib
4107,org.sw.demo.gnu.gmp.tools.gen_jacobitab
4108,org.sw.demo.gnu.gmp.tools.gen_psqr
4109,org.sw.demo.gnu.gmp.tools.gen_trialdivtab
4110,org.sw.demo.gnu.mpfr
4111,org.sw.demo.gnu.mpc
4112,org.sw.demo.gnu.gpg.assuan.assuan
4117,org.sw.demo.gnu.gpg.gpgme.gpgme
4121,org.sw.demo.gnu.gpg.error.gpg_error
4122,org.sw.demo.gnu.gpg.error.tools.mkerrcodes
4123,org.sw.demo.gnu.gpg.error.tools.mkheader
4124,org.sw.demo.gnu.gpg.gpgme.gpgme_w32spawn
4125,org.sw.demo.gnu.gpg.gpgme.gpgmecpp
4130,org.sw.demo.arvidn.libtorrent
4131,org.sw.demo.open_mpi.hwloc
4137,org.sw.demo.StellarGroup.hpx
4138,org.sw.demo.StellarGroup.hpx.plugins.binary_filter.bzip2
4139,org.sw.demo.StellarGroup.hpx.plugins.binary_filter.snappy
4140,org.sw.demo.StellarGroup.hpx.plugins.binary_filter.zlib
4141,org.sw.demo.StellarGroup.hpx.plugins.parcel.coalescing
4143,org.sw.demo.skarupke.flat_hash_map
4149,org.sw.demo.Tessil.robin_map
4150,org.sw.demo.Tessil.sparse_map
4151,org.sw.demo.Tessil.ordered_map
4152,org.sw.demo.Tessil.array_hash
4153,org.sw.demo.Tessil.hopscotch_map
4154,org.sw.demo.Tessil.hat_trie
4155,org.sw.demo.khronos.vulkan
4156,org.sw.demo.glfw
4157,org.sw.demo.ocornut.imgui
4158,org.sw.demo.quantstack.xtl
4159,org.sw.demo.quantstack.xtensor
4160,org.sw.demo.quantstack.xframe
4161,org.sw.demo.memononen.NanoVG
4162,org.sw.demo.wjakob.nanogui
4163,org.sw.demo.daniele77.cli
4164,org.sw.demo.lemire.simdjson
4166,org.sw.demo.martinus.robin_hood_hashing
4170,org.sw.demo.mach7
4176,org.sw.demo.google.gflags
4177,org.sw.demo.google.glog
4178,org.sw.demo.libevent
4183,org.sw.demo.boost.context
4187,org.sw.demo.facebook.folly
4188,org.sw.demo.zeromq.libzmq
4189,org.sw.demo.zeromq.cppzmq
4230,org.sw.demo.cyrus.sasl
4231,org.sw.demo.openldap.lber
4235,org.sw.demo.mattmccutchen.bigint
4236,org.sw.demo.glassechidna.zxing_cpp
4237,org.sw.demo.cnjinhao.nana
4238,org.sw.demo.apache.apr
4240,org.sw.demo.apache.apr.iconv
4241,org.sw.demo.apache.apr.util
4242,org.sw.demo.apache.apr.tools.gen_test_char
4243,org.sw.demo.apache.log4cxx
4244,org.sw.demo.apache.xerces_c
4246,org.sw.demo.apache.thrift
4247,org.sw.demo.apache.thrift.compiler
4251,org.sw.demo.mbed.tls
4259,org.sw.demo.malaterre.GDCM.util.charls
4260,org.sw.demo.nanomsg.nng
4261,org.sw.demo.google.grpc.optional
4262,org.sw.demo.ledger.utfcpp
4263,org.sw.demo.tfussell.xlnt
4264,org.sw.demo.tfussell.xlnt.libstudxml
4265,org.sw.demo.dbzhang800.QtXlsxWriter
4271,org.sw.demo.nih_at.libzip
4272,org.sw.demo.ctabin.libzippp
4273,org.sw.demo.troldal.OpenXLSX
4274,org.sw.demo.libxls
4275,org.sw.demo.jmcnamara.libxlsxwriter
4287,org.sw.demo.sfml.Audio
4288,org.sw.demo.sfml.Graphics
4289,org.sw.demo.sfml.Network
4290,org.sw.demo.sfml.System
4291,org.sw.demo.sfml.Window
4293,org.sw.demo.khizmax.cds
4294,org.sw.demo.martinmoene.gsl_lite
4295,org.sw.demo.pdimov.variant2
4296,org.sw.demo.Naios.function2
4297,org.sw.demo.darrengarvey.cgi
4298,org.sw.demo.slowriot.cgi
4299,org.sw.demo.chriskohlhoff.urdl
4300,org.sw.demo.slowriot.libtelegram
4301,org.sw.demo.taocpp.taopq
4302,org.sw.demo.qtproject.qt.imageformats.qdds
4303,org.sw.demo.qtproject.qt.imageformats.qgif
4304,org.sw.demo.qtproject.qt.imageformats.qicns
4305,org.sw.demo.qtproject.qt.imageformats.qico
4306,org.sw.demo.qtproject.qt.imageformats.qjp2
4307,org.sw.demo.qtproject.qt.imageformats.qjpeg
4308,org.sw.demo.qtproject.qt.imageformats.qmng
4309,org.sw.demo.qtproject.qt.imageformats.qtga
4310,org.sw.demo.qtproject.qt.imageformats.qtiff
4311,org.sw.demo.qtproject.qt.imageformats.qwbmp
4312,org.sw.demo.qtproject.qt.imageformats.qwebp
4320,org.sw.demo.boost.fiber
4321,org.sw.demo.boost.python
4322,org.sw.demo.boost.safe_numerics
4323,org.sw.demo.taocpp.pegtl
4326,org.sw.demo.taocpp.tuple
4327,org.sw.demo.taocpp.sequences
4328,org.sw.demo.taocpp.json
4329,org.sw.demo.taocpp.operators
4330,org.sw.demo.DuffsDevice.tinyutf8
4331,org.sw.demo.CaseyCarter.cmcstl2
4332,org.sw.demo.wjakob.filesystem
4337,org.sw.demo.fastflow.fastflow
4338,org.sw.demo.arcosuc3m.grppi
4339,org.sw.demo.c42f.tinyformat
4341,org.sw.demo.lemire.SIMDxorshift
4345,org.sw.demo.bluescarni.mppp
4346,org.sw.demo.SanderMertens.flecs
4350,org.sw.demo.kyz.libmspack
4351,org.sw.demo.ericniebler.range_v3
4352,org.sw.demo.scintilla
4353,org.sw.demo.wxWidgets.aui
4354,org.sw.demo.wxWidgets.base
4355,org.sw.demo.wxWidgets.core
4356,org.sw.demo.wxWidgets.gl
4357,org.sw.demo.wxWidgets.html
4358,org.sw.demo.wxWidgets.media
4359,org.sw.demo.wxWidgets.net
4360,org.sw.demo.wxWidgets.propgrid
4361,org.sw.demo.wxWidgets.qa
4362,org.sw.demo.wxWidgets.ribbon
4363,org.sw.demo.wxWidgets.richtext
4364,org.sw.demo.wxWidgets.stc
4365,org.sw.demo.wxWidgets.webview
4366,org.sw.demo.wxWidgets.xml
4367,org.sw.demo.wxWidgets.xrc
4368,org.sw.demo.eteran.cpp_utilities.algorithm
4369,org.sw.demo.eteran.cpp_utilities.arena
4370,org.sw.demo.eteran.cpp_utilities.bitset
4371,org.sw.demo.eteran.cpp_utilities.bitwise
4372,org.sw.demo.eteran.cpp_utilities.container
4373,org.sw.demo.eteran.cpp_utilities.fixed
4374,org.sw.demo.eteran.cpp_utilities.hash
4375,org.sw.demo.eteran.cpp_utilities.logger
4376,org.sw.demo.eteran.cpp_utilities.pprint
4377,org.sw.demo.eteran.cpp_utilities.range
4378,org.sw.demo.eteran.cpp_utilities.string
4379,org.sw.demo.eteran.cpp_utilities.thread_pool
4380,org.sw.demo.eteran.cpp_utilities.uint128
4381,org.sw.demo.eteran.cpp_utilities.uuid
4385,org.sw.demo.gnome.atk
4386,org.sw.demo.woboq.verdigris
4388,org.sw.demo.gnome.glib.gio
4390,org.sw.demo.gnome.glib.glibmm
4391,org.sw.demo.gnome.gtk.gdk.pixbuf
4393,org.sw.demo.cairographics.cairo.gobject
4395,org.sw.demo.anholt.libepoxy
4397,org.sw.demo.ebassi.graphene
4398,org.sw.demo.TartanLlama.expected
4399,org.sw.demo.TartanLlama.optional
4400,org.sw.demo.TartanLlama.tl
4401,org.sw.demo.martinmoene.span_lite
4402,org.sw.demo.ericniebler.meta
4404,org.sw.demo.martinmoene.any_lite
4405,org.sw.demo.martinmoene.byte_lite
4406,org.sw.demo.martinmoene.expected_lite
4407,org.sw.demo.martinmoene.optional_lite
4408,org.sw.demo.martinmoene.optional_fun_lite
4409,org.sw.demo.martinmoene.observer_ptr_lite
4410,org.sw.demo.martinmoene.string_view_lite
4411,org.sw.demo.martinmoene.status_value_lite
4412,org.sw.demo.martinmoene.ring_span_lite
4413,org.sw.demo.martinmoene.type_lite
4414,org.sw.demo.martinmoene.value_ptr_lite
4415,org.sw.demo.martinmoene.variant_lite
4416,org.sw.demo.martinmoene.invoke_lite
4417,org.sw.demo.martinmoene.optional_bare
4418,org.sw.demo.martinmoene.lest
4420,org.sw.demo.martinmoene.clue
4421,org.sw.demo.openalpr.alpr
4422,org.sw.demo.openalpr.openalpr
4423,org.sw.demo.openalpr.statedetection
4424,org.sw.demo.openalpr.video
4428,org.sw.demo.imneme.pcg_c
4429,org.sw.demo.imneme.pcg_cpp
4430,org.sw.demo.VHRanger.pcg
4431,org.sw.demo.gfx.cpp_TimSort
4436,org.sw.demo.gnome.glib.compile_resources
4438,org.sw.demo.gnome.gtk.gdk
4439,org.sw.demo.gnome.gtk.gdk.win32
4440,org.sw.demo.gnome.gtk.gsk
4441,org.sw.demo.gnome.gtk.gtk
4442,org.sw.demo.freeglut
4444,org.sw.demo.g_truc.glm
4447,org.sw.demo.khronos.vulkan.headers
4448,org.sw.demo.beltoforion.muparser
4449,org.sw.demo.beltoforion.muparserx
4450,org.sw.demo.mattreecebentley.plf.colony
4451,org.sw.demo.mattreecebentley.plf.list
4452,org.sw.demo.mattreecebentley.plf.nanotimer
4453,org.sw.demo.mattreecebentley.plf.stack
4456,org.sw.demo.cmuratori.meow_hash
4457,org.sw.demo.leo_yuriev.t1ha
4458,org.sw.demo.RedSpah.xxhash_cpp
4459,org.sw.demo.bearssl
4460,org.sw.demo.randombit.botan
4461,org.sw.demo.brechtsanders.xlsxio
4462,org.sw.demo.hsutter.gcpp
4463,org.sw.demo.msgpack
4464,org.sw.demo.open_source_parsers.jsoncpp
4465,org.sw.demo.miloyip.rapidjson
4466,org.sw.demo.tcbrindle.NanoRange
4467,org.sw.demo.boyerjohn.rapidstring
4468,org.sw.demo.rapidxml
4469,org.sw.demo.DaanDeMeyer.reproc
4470,org.sw.demo.DaanDeMeyer.reprocpp
4471,org.sw.demo.Neargye.nameof
4472,org.sw.demo.skypjack.uvw
4473,org.sw.demo.facebook.incubator.fizz
4474,org.sw.demo.onqtam.doctest
4476,org.sw.demo.swig
4478,org.sw.demo.iamantony.qtcsv
4479,org.sw.demo.johnmcfarlane.cnl
4481,org.sw.demo.mpark.variant
4491,org.sw.demo.joboccara.NamedType
4492,org.sw.demo.ned14.outcome
4493,org.sw.demo.octobanana.belle
4494,org.sw.demo.openldap.ldap
4495,org.sw.demo.openldap.ldap_r
4496,org.sw.demo.openldap.ldapcpp
4497,org.sw.demo.LLNL.cfp
4498,org.sw.demo.LLNL.zfp
4499,org.sw.demo.ademakov.Oroch
4500,org.sw.demo.lemire.FastPFor
4501,org.sw.demo.powturbo.TurboPFor
4502,org.sw.demo.vrogier.ocilib
4511,org.sw.demo.musl
4512,org.sw.demo.llvm_project.compiler_rt.builtins
4541,org.sw.demo.xmlsoft.libxml2
4542,org.sw.demo.ffmpeg.avdevice
4543,org.sw.demo.ffmpeg.avfilter
4544,org.sw.demo.ffmpeg.avformat
4545,org.sw.demo.ffmpeg.avresample
4546,org.sw.demo.ffmpeg.avutil
4547,org.sw.demo.ffmpeg.ffmpeg
4548,org.sw.demo.ffmpeg.postproc
4549,org.sw.demo.ffmpeg.swresample
4550,org.sw.demo.ffmpeg.swscale
4551,org.sw.demo.xmlsoft.xslt.libexslt
4552,org.sw.demo.xmlsoft.xslt.libxslt
4553,org.sw.demo.duneroadrunner.SaferCPlusPlus
4554,org.sw.demo.gnzlbg.static_vector
4555,org.sw.demo.tcbrindle.span
4556,org.sw.demo.CathalT.Cerializer
4557,org.sw.demo.dkormalev.asynqro
4558,org.sw.demo.byronknoll.cmix
4559,org.sw.demo.nuspell
4560,org.sw.demo.fltk
4561,org.sw.demo.spotify.NFHTTP
4562,org.sw.demo.Blosc.c_blosc
4563,org.sw.demo.copperspice.core
4564,org.sw.demo.copperspice.third_party.harfbuzz
4565,org.sw.demo.copperspice.third_party.wintab
4566,org.sw.demo.copperspice.xml
4567,org.sw.demo.shibatch.sleef
4569,org.sw.demo.LeonineKing1199.foxy
4570,org.sw.demo.gnu.gpg.assuan.tools.mkheader
4571,pub.egorpugin.libuv
4572,org.sw.demo.apolukhin.magic_get
4573,org.sw.demo.spotify.json
4574,org.sw.demo.agauniyal.rang
4575,org.sw.demo.pyyaml.yaml
4576,org.sw.demo.ximion.appstream
4577,org.sw.demo.weidai11.cryptopp
4578,org.sw.demo.vincentlaucsb.csv_parser
4580,org.sw.demo.KonanM.static_enum
4581,org.sw.demo.therocode.meta_enum
4582,org.sw.demo.google.cctz
4587,org.sw.demo.Neargye.magic_enum
4612,org.sw.demo.intel.tbb
4613,org.sw.demo.intel.tbb.malloc
4614,org.sw.demo.intel.tbb.malloc.proxy
4615,org.sw.demo.biojppm.c4core
4616,org.sw.demo.biojppm.rapidyaml
4617,pub.egorpugin.primitives.emitter
4620,org.sw.demo.leethomason.tinyxml
4621,org.sw.demo.leethomason.tinyxml2
4625,org.sw.demo.objectcomputing.mFAST
4633,pub.egorpugin.primitives.source
4637,org.sw.demo.google.cpu_features
4638,org.sw.demo.aantron.better_enums
4639,org.sw.demo.dougbinks.enkiTS
4640,org.sw.demo.brunocodutra.metal
4641,org.sw.demo.felixguendling.cista
4642,org.sw.demo.foonathan.type_safe
4643,org.sw.demo.ned14.llfio
4644,org.sw.demo.kthohr.gcem
4645,org.sw.demo.Forceflow.libmorton
4646,org.sw.demo.skypjack.meta
4649,org.sw.demo.rainers.cv2pdb
4650,org.sw.demo.p_ranav.argparse
4651,org.sw.demo.taocpp.config
4652,org.sw.demo.crosire.blink
4653,org.sw.demo.TheLartians.Parser
4654,org.sw.demo.recatek.fixed_storage_arrays
4655,org.sw.demo.cemyuksel.cyCodeBase
4658,org.sw.demo.amazon.awslabs.c_io
4659,org.sw.demo.amazon.awslabs.c_mqtt
4704,org.sw.demo.redxdev.ECS
4706,org.sw.demo.Stiffstream.restinio
4707,org.sw.demo.niXman.yas
4708,org.sw.demo.LoopPerfect.neither
4709,org.sw.demo.DigitalInBlue.Celero
4710,org.sw.demo.blitzpp.blitz
4711,org.sw.demo.pnnl.SHAD
4712,org.sw.demo.sprinfall.webcc
4713,org.sw.demo.fr00b0.nod
4714,org.sw.demo.Microsoft.LightGBM
4715,org.sw.demo.Microsoft.Multiverso
4716,org.sw.demo.Microsoft.LightLDA
4717,org.sw.demo.RaftLib.RaftLib
4718,org.sw.demo.dmtx.libdmtx
4719,org.sw.demo.rodrigocfd.winlamb
4720,org.sw.demo.disheng222.SZ
4721,org.sw.demo.Terraspace.UASM
4727,org.sw.demo.anthonywilliams.object_ptr
4728,org.sw.demo.TheLartians.Event
4729,org.sw.demo.nholthaus.units
4730,org.sw.demo.mpusz.units
4759,org.sw.demo.zchunk.zchunk
4760,org.sw.demo.phisko.kengine
4761,org.sw.demo.ampl.mp
4762,org.sw.demo.cginternals.glbinding
4782,org.sw.demo.gnu.nettle
4786,org.sw.demo.google.breakpad
4787,org.sw.demo.google.breakpad.common.windows
4788,org.sw.demo.boost.histogram
4789,org.sw.demo.boost.outcome
4790,org.sw.demo.gnome.glib.gmodule
4791,org.sw.demo.lexxmark.winflexbison.common
4814,org.sw.demo.gnu.fribidi.gen.arabic_shaping_tab
4815,org.sw.demo.gnu.fribidi.gen.bidi_type_tab
4816,org.sw.demo.gnu.fribidi.gen.brackets_tab
4817,org.sw.demo.gnu.fribidi.gen.brackets_type_tab
4818,org.sw.demo.gnu.fribidi.gen.joining_type_tab
4819,org.sw.demo.gnu.fribidi.gen.mirroring_tab
4820,org.sw.demo.gnu.fribidi.gen.unicode_version
4865,org.sw.demo.ocornut.str
4866,org.sw.demo.podofo
4867,org.sw.demo.odinthenerd.tmp
4868,org.sw.demo.Naios.continuable
4869,org.sw.demo.tlx.tlx
4870,org.sw.demo.ricab.scope_guard
4871,org.sw.demo.akrzemi1.Optional
4872,org.sw.demo.LouisCharlesC.safe
4873,org.sw.demo.microsoft.wil
4874,org.sw.demo.r_lyeh_archived.sole
4875,org.sw.demo.njoy.ENDFtk
4876,org.sw.demo.graphicsmagick.magickpp
4877,org.sw.demo.dmitigr.common
4878,org.sw.demo.dmitigr.fcgi
4879,org.sw.demo.dmitigr.pgfe
4880,org.sw.demo.Manu343726.ctti
4881,org.sw.demo.davisking.dlib
4886,org.sw.demo.intel.opencv.contrib.quality
4887,org.sw.demo.openexr.b44ExpLogTable
4888,org.sw.demo.openexr.config
4889,org.sw.demo.openexr.dwaLookups
4890,org.sw.demo.openexr.ilmbase.Half
4891,org.sw.demo.openexr.ilmbase.Iex
4892,org.sw.demo.openexr.ilmbase.IexMath
4893,org.sw.demo.openexr.ilmbase.IlmThread
4894,org.sw.demo.openexr.ilmbase.Imath
4895,org.sw.demo.openexr.ilmbase.config
4896,org.sw.demo.openexr.ilmbase.eLut
4897,org.sw.demo.openexr.ilmbase.toFloat
4907,org.sw.demo.google.angle.common
4908,org.sw.demo.google.angle.compiler.preprocessor
4909,org.sw.demo.google.angle.compiler.translator
4910,org.sw.demo.google.angle.gles_v2
4911,org.sw.demo.google.angle.third_party.base
4912,org.sw.demo.google.angle.third_party.compiler
4913,org.sw.demo.google.angle.third_party.khronos
4914,org.sw.demo.google.angle.third_party.pmurhash
4915,org.sw.demo.google.angle.third_party.systeminfo
4916,org.sw.demo.google.angle.util.image
4917,org.sw.demo.Cyan4973.xxHash
4918,org.sw.demo.re2c.libre2c
4919,org.sw.demo.google.angle.third_party.xxhash
4947,org.sw.demo.antlr.runtime.cpp
4948,org.sw.demo.zaphoyd.websocketpp
4950,org.sw.demo.google.brotli
4951,org.sw.demo.microsoft.cpprestsdk
4954,org.sw.demo.Microsoft.WindowsAzure.Storage.cpp
4955,org.sw.demo.dmlc.core
4956,org.sw.demo.dmlc.rabit
4957,org.sw.demo.dmlc.xgboost
4963,org.sw.demo.google.grpc.grpc_resolver_dns_selection
4964,org.sw.demo.google.grpc.grpcpp_internal_hdrs_only
4971,org.sw.demo._7zip.lzma_sdk
4972,org.sw.demo.qtproject.qt.base.qgif
4973,org.sw.demo.qtproject.qt.base.qico
4974,org.sw.demo.qtproject.qt.base.qjpeg
5002,org.sw.demo.firebird.Legacy_Auth
5003,org.sw.demo.firebird.Legacy_UserManager
5004,org.sw.demo.firebird.Srp
5005,org.sw.demo.firebird.alice
5006,org.sw.demo.firebird.build_msg
5007,org.sw.demo.firebird.burp
5008,org.sw.demo.firebird.codes
5009,org.sw.demo.firebird.common
5010,org.sw.demo.firebird.engine
5011,org.sw.demo.firebird.engine_common
5012,org.sw.demo.firebird.extern.btyacc
5013,org.sw.demo.firebird.extern.cloop
5014,org.sw.demo.firebird.extern.decNumber
5015,org.sw.demo.firebird.extern.tomcrypt
5016,org.sw.demo.firebird.extern.tommath
5017,org.sw.demo.firebird.fb_lock_print
5018,org.sw.demo.firebird.fbguard
5019,org.sw.demo.firebird.fbintl
5020,org.sw.demo.firebird.fbrmclib
5021,org.sw.demo.firebird.fbtracemgr
5022,org.sw.demo.firebird.firebird
5023,org.sw.demo.firebird.gbak
5024,org.sw.demo.firebird.gfix
5025,org.sw.demo.firebird.gpre
5026,org.sw.demo.firebird.gpre.boot
5027,org.sw.demo.firebird.gpre.boot.alice
5028,org.sw.demo.firebird.gpre.boot.burp
5029,org.sw.demo.firebird.gpre.boot.engine
5030,org.sw.demo.firebird.gpre.boot.gbak
5031,org.sw.demo.firebird.gpre.boot.gfix
5032,org.sw.demo.firebird.gpre.boot.gpre
5033,org.sw.demo.firebird.gpre.boot.isql
5034,org.sw.demo.firebird.gpre.boot.parse
5035,org.sw.demo.firebird.gpre.boot.yvalve
5036,org.sw.demo.firebird.gpre.common
5037,org.sw.demo.firebird.gsplit
5038,org.sw.demo.firebird.gstat
5039,org.sw.demo.firebird.ib_util
5040,org.sw.demo.firebird.isql
5041,org.sw.demo.firebird.qli
5042,org.sw.demo.firebird.remote
5043,org.sw.demo.firebird.udr_engine
5044,org.sw.demo.firebird.yvalve
5048,org.sw.demo.stalkerg.clunk
5049,org.sw.demo.whoozle.clunk
5050,org.sw.demo.jll63.yomm2
5054,org.sw.demo.sqlcipher.mkkeywordhash
5055,org.sw.demo.sqlcipher.mksourceid
5056,org.sw.demo.libtom.libtommath
5057,org.sw.demo.libtom.libtomcrypt
5068,org.sw.sw.client.sw
5069,org.sw.sw.client.tools.cl_generator
5070,org.sw.sw.client.tools.client
5072,org.sw.demo.rizkg.BBHash
5078,org.sw.demo.ArtifexSoftware.jbig2dec
5083,org.sw.demo.ghostscript.mujs
5087,org.sw.demo.ArtifexSoftware.bin2coff
5090,org.sw.demo.mm2.LittleCMS
5091,org.sw.demo.ghostscript.thirdparty.lcms2
5096,org.sw.demo.mlivesu.cinolib
5097,org.sw.demo.arun11299.cpp_subprocess
5098,org.sw.demo.TartanLlama.function_ref
5099,org.sw.demo.ddemidov.amgcl
5154,org.sw.demo.libsigpp
5155,org.sw.demo.tiny_dnn
5156,org.sw.demo.lewissbaker.cppcoro
5158,org.sw.demo.iwongu.sqlite3pp
5159,org.sw.demo.mavam.libbf
5160,org.sw.demo.rigtorp.SPSCQueue
5161,org.sw.demo.shaovoon.concurrent_permcomb
5162,org.sw.demo.davidstone.concurrent_queue
5163,org.sw.demo.cameron314.readerwriterqueue
5164,org.sw.demo.cameron314.concurrentqueue
5166,org.sw.demo.fmela.libdict
5167,org.sw.demo.ArtifexSoftware.mupdf
5168,org.sw.demo.ArtifexSoftware.mutool
5174,pub.lzwdgc.Polygon4.DataManager
5175,pub.lzwdgc.Polygon4.DataManager.memory
5176,pub.lzwdgc.Polygon4.DataManager.schema
5177,pub.lzwdgc.Polygon4.DataManager.tools.generator
5178,org.sw.demo.opengl
5179,org.sw.demo.qicosmos.iguana
5181,org.sw.demo.RichieSams.FiberTaskingLib
5183,org.sw.demo.USCiLab.cereal
5185,org.sw.demo.qtproject.qt.base.tools.tracegen
5186,org.sw.demo.videolan.dav1d
5187,org.sw.demo.videolan.dav1d.bitdepth16
5188,org.sw.demo.videolan.dav1d.bitdepth8
5189,org.sw.demo.google.tesseract.ambiguous_words
5190,org.sw.demo.google.tesseract.classifier_tester
5191,org.sw.demo.google.tesseract.cntraining
5192,org.sw.demo.google.tesseract.combine_lang_model
5193,org.sw.demo.google.tesseract.combine_tessdata
5194,org.sw.demo.google.tesseract.common_training
5195,org.sw.demo.google.tesseract.dawg2wordlist
5196,org.sw.demo.google.tesseract.lstmeval
5197,org.sw.demo.google.tesseract.lstmtraining
5198,org.sw.demo.google.tesseract.mftraining
5199,org.sw.demo.google.tesseract.set_unicharset_properties
5200,org.sw.demo.google.tesseract.shapeclustering
5201,org.sw.demo.google.tesseract.tesseract
5202,org.sw.demo.google.tesseract.tessopt
5203,org.sw.demo.google.tesseract.text2image
5204,org.sw.demo.google.tesseract.unicharset_extractor
5205,org.sw.demo.google.tesseract.unicharset_training
5206,org.sw.demo.google.tesseract.wordlist2dawg
5207,org.sw.demo.chriskohlhoff.asio
5209,org.sw.demo.microsoft.mimalloc
5210,org.sw.demo.SergiusTheBest.plog
5211,org.sw.demo.effolkronium.random
5212,org.sw.demo.sharkdp.dbg_macro
5213,org.sw.demo.skypjack.entt
5214,org.sw.demo.microsoft.snmalloc
5215,org.sw.demo.cpp_taskflow
5216,org.sw.demo.Philip_Trettner.cpp_std_fwd
5217,org.sw.demo.j_jorge.weak_function
5218,org.sw.demo.ADVRHumanoids.MatLogger2
5219,org.sw.demo.ianf1.rngpp
5220,org.sw.demo.FrancoisChabot.variadic_future
5221,org.sw.demo.madplotlib.madplotlib
5222,org.sw.demo.tcbrindle.numeris_romanis
5223,org.sw.demo.max0x7ba.atomic_queue
5224,org.sw.demo.bstamour.units
5225,org.sw.demo.anthonywilliams.strong_typedef
5226,org.sw.demo.NTNU_IHB.FMI4cpp
5227,org.sw.demo.cinemast.libjson_rpc_cpp
5228,org.sw.demo.ThePhD.sol2
5229,org.sw.demo.Stiffstream.sobjectizer
5230,org.sw.demo.pdziepak.codegen
5231,org.sw.demo.scylladb.seastar
5232,org.sw.demo.pinam45.dynamic_bitset
5233,org.sw.demo.rnburn.stackext
5234,org.sw.demo.eliaskosunen.scnlib
5235,org.sw.demo.target.libdart
5236,org.sw.demo.gurki.vivid
5237,org.sw.demo.stxxl.stxxl
5238,org.sw.demo.lava.matplotlib_cpp
5239,org.sw.demo.TheLartians.EasyIterator
5240,org.sw.demo.nemequ.hedley
5241,org.sw.demo.SRombauts.SQLiteCpp
5242,org.sw.demo.fnc12.sqlite_orm
5243,org.sw.demo.SqliteModernCpp.sqlite_modern_cpp
5244,org.sw.demo.jlctools.evo
5245,org.sw.demo.luncliff.coroutine
5246,org.sw.demo.BlackMATov.flat
5247,org.sw.demo.TheLartians.Visitor
5248,org.sw.demo.kenavolic.pipet
5250,org.sw.demo.p_ranav.pprint
5251,org.sw.demo.beached.daw_json_link
5252,org.sw.demo.LIONant.properties
5253,org.sw.demo.TheLandfill.cpp_cli
5254,org.sw.demo.bloomen.transwarp
5255,org.sw.demo.LPeter1997.CppCmb
5256,org.sw.demo.p_ranav.csv
5257,org.sw.demo.StellarGroup.hpx.preprocessor
5258,org.sw.demo.xpdf
5259,org.sw.demo.poppler
5260,org.sw.demo.LukasBanana.LLGL
5261,org.sw.demo.Manu343726.tinyrefl
5262,org.sw.demo.optimad.bitpit
5263,org.sw.demo.HandmadeMath.HandmadeMath
5264,org.sw.demo.kcat.tools.bin2h
5265,org.sw.demo.kcat.tools.bsincgen
5290,org.sw.demo.stdcpp_audio.libstdaudio
5291,org.sw.demo.billyquith.ponder
5292,org.sw.demo.eyalz800.serializer
5325,org.sw.demo.sgorsten.linalg
5326,org.sw.demo.yescrypt
5327,org.sw.demo.scrypt
5328,org.sw.sw.client.tools.create_git_rev
5330,org.sw.demo.google.robotstxt
5331,org.sw.demo.kgabis.parson
5332,org.sw.demo.greg7mdp.parallel_hashmap
5333,org.sw.demo.cbeck88.visit_struct
5334,org.sw.demo.ValeevGroup.tiledarray
5335,org.sw.demo.progschj.ThreadPool
5336,org.sw.demo.jarro2783.cxxopts
5337,org.sw.demo.graeme_hill.crossguid
5362,org.sw.demo.BlueBrain.HighFive
5363,org.sw.demo.thelink2012.any
5364,org.sw.demo.emcrisostomo.fswatch.lib
5367,org.sw.demo.ingowald.pbrt_parser
5369,org.sw.demo.wqking.eventpp
5370,org.sw.demo.septag.sx
5371,org.sw.demo.yhirose.cpp_peglib
5374,org.sw.demo.tlk00.BitMagic
5375,org.sw.demo.yasm.config
5376,org.sw.demo.yasm.libyasm
5377,org.sw.demo.yasm.modules.arch.lc3b
5378,org.sw.demo.yasm.modules.arch.x86
5379,org.sw.demo.yasm.modules.dbgfmts.codeview
5380,org.sw.demo.yasm.modules.dbgfmts.dwarf2
5381,org.sw.demo.yasm.modules.dbgfmts.null
5382,org.sw.demo.yasm.modules.dbgfmts.stabs
5383,org.sw.demo.yasm.modules.listfmts.nasm
5384,org.sw.demo.yasm.modules.objfmts.bin
5385,org.sw.demo.yasm.modules.objfmts.coff
5386,org.sw.demo.yasm.modules.objfmts.dbg
5387,org.sw.demo.yasm.modules.objfmts.elf
5388,org.sw.demo.yasm.modules.objfmts.macho
5389,org.sw.demo.yasm.modules.objfmts.rdf
5390,org.sw.demo.yasm.modules.objfmts.xdf
5391,org.sw.demo.yasm.modules.parsers.gas
5392,org.sw.demo.yasm.modules.parsers.nasm
5393,org.sw.demo.yasm.modules.preprocs.cpp
5394,org.sw.demo.yasm.modules.preprocs.gas
5395,org.sw.demo.yasm.modules.preprocs.nasm
5396,org.sw.demo.yasm.modules.preprocs.raw
5397,org.sw.demo.yasm.tools.genmacro
5398,org.sw.demo.yasm.tools.genversion
5399,org.sw.demo.fukuchi.libqrencode
5403,pub.egorpugin.primitives.xml
5404,org.sw.sw.client.core
